"Keyword","Location & Language","Monthly Search Volume","CPC","Competition"
"energy optimization","US, EN","320","1.31","Low"
"optimization energy","US, EN","70","6.82","Low"
"energy optimization services","US, EN","30","","Low"
"hvac energy optimization","US, EN","20","","Low"
"energy efficiency optimization","US, EN","20","","Low"
"what is energy optimization","US, EN","20","","Low"
"energy optimization solutions","US, EN","20","22.61","Low"
"building energy optimization","US, EN","20","","Low"
"energy optimization in buildings","US, EN","20","","Low"
"energy systems optimization","US, EN","20","","Low"
"energy system optimization","US, EN","20","","Low"
"optimization of energy system","US, EN","20","","Low"
"optimization of energy systems","US, EN","20","","Low"
"energy optimization software","US, EN","20","7.77","Low"
"energy optimization companies","US, EN","20","","Medium"
"energy-efficient uav communication with trajectory optimization","US, EN","10","","Low"
"energy management and optimization system","US, EN","10","","Low"
"energy optimization model","US, EN","10","","Low"
"home energy optimization","US, EN","10","","Low"
"energy optimization system","US, EN","10","","Low"
"energy systems optimization modeling simulation and economic aspects","US, EN","10","","Medium"
"energy efficient uav communication with trajectory optimization","US, EN","10","","Low"
"optimization of energy systems pdf","US, EN","10","","Low"
"energy and process optimization for the process industries","US, EN","10","","Low"
"energy management and optimization","US, EN","10","","Low"
"energy optimization meaning","US, EN","10","","Low"
"energy consumption optimization","US, EN","10","","Low"
"energy storage optimization software","US, EN","10","","Low"
"energy optimization google tv","US, EN","10","","Low"
"energy optimization study","US, EN","10","","Low"
"energy optimization icon","US, EN","10","","Low"
"honeywell forge energy optimization","US, EN","10","","Medium"
"android tv energy optimization","US, EN","10","","Low"
"google tv energy optimization","US, EN","10","","Low"
"energy optimization jobs","US, EN","10","","Low"
"grid energy optimization","US, EN","10","","Low"
"optimization of energy consumption","US, EN","10","","Low"
"end-to-end stochastic optimization with energy-based model","US, EN","10","","Low"
"energy systems-optimization modeling simulation and economic aspects","US, EN","10","","Medium"
"energy management optimization","US, EN","10","","Low"
"energy optimization rebates","US, EN","10","","Low"
"machine learning energy optimization","US, EN","10","","Low"
"ai for renewable energy optimization","US, EN","10","","Low"
"design and optimization of energy systems","US, EN","10","","Low"
"optimization of energy","US, EN","10","","Low"
"energy storage optimization","US, EN","10","","Low"
"wärtsilä energy storage & optimization","US, EN","10","","Low"
"energy optimization android tv","US, EN","10","","Low"
"energy optimization models","US, EN","10","","Low"
"energy portfolio optimization","US, EN","10","","Low"